name,price,url
Люстра Ливсден Brown,19 940,/product/lyustra-livsden-brown
Подвесной светильник Ливсден Brown,4930,/product/podvesnoj-svetilnik-livsden-brown
Настольная лампа Ливсден Brown,9020,/product/nastolnaya-lampa-livsden-brown
Торшер Ливсден Brown,12 590,/product/torsher-livsden-brown
Бра Флиммер Black,1570,/product/bra-flimmer-black
Люстра Флиммер Black,7340,/product/lyustra-flimmer-black
Подвесной светильник Флиммер Black,1990,/product/podvesnoj-svetilnik-flimmer-black
Настольная лампа Флиммер Black,3140,/product/nastolnaya-lampa-flimmer-black
Торшер Флиммер Black,5240,/product/torsher-flimmer-black
Настольная лампа Нидлс Raffia Beige,5240,/product/nastolnaya-lampa-nidls-raffia-beige
Люстра Гейза Black,9440,/product/lyustra-gejza-black
Настольная лампа Гейза Black,4190,/product/nastolnaya-lampa-gejza-black
Настольная лампа Гейза Pink,4190,/product/nastolnaya-lampa-gejza-pink
Настольная лампа Гейза Blue,4190,/product/nastolnaya-lampa-gejza-blue
Настольная лампа Гейза Orange,4190,/product/nastolnaya-lampa-gejza-orange
Настольная лампа Алней Black,4190,/product/nastolnaya-lampa-alnej-black
Настольная лампа Алней Beige,4190,/product/nastolnaya-lampa-alnej-beige
Настольная лампа Алней Green,4190,/product/nastolnaya-lampa-alnej-green
Настольная лампа Алней Orange,4190,/product/nastolnaya-lampa-alnej-orange
Торшер Алней Green,8390,/product/torsher-alnej-green
Торшер Алней Black,8390,/product/torsher-alnej-black
Торшер Алней Orange,8390,/product/torsher-alnej-orange
Торшер Алней Beige,8390,/product/torsher-alnej-beige
Настольная лампа Арбет Orange,2090,/product/nastolnaya-lampa-arbet-orange
Настольная лампа Арбет Silver,2830,/product/nastolnaya-lampa-arbet-silver
Настольная лампа Арбет Beige,2090,/product/nastolnaya-lampa-arbet-beige
Настольная лампа Арбет White,2090,/product/nastolnaya-lampa-arbet-white
Настольная лампа Арбет Black,2090,/product/nastolnaya-lampa-arbet-black
Настольная лампа Синдри Grey,4610,/product/nastolnaya-lampa-sindri-grey
Люстра Синдри Black,12 590,/product/lyustra-sindri-black
Настольная лампа Манэт White,2830,/product/nastolnaya-lampa-manet-white
Настольная лампа Леррет Beige,4190,/product/nastolnaya-lampa-lerret-beige
Настольная лампа Леррет White,2720,/product/nastolnaya-lampa-lerret-white
Настольная лампа Истад Black,1780,/product/nastolnaya-lampa-istad-black
Настольная лампа Истад White,1780,/product/nastolnaya-lampa-istad-white
Люстра Боллар White,24 140,/product/lyustra-bollar-white
Настольная лампа Рибе Black,2090,/product/nastolnaya-lampa-ribe-black
Настольная лампа Рибе Orange,2090,/product/nastolnaya-lampa-ribe-orange
Настольная лампа Снибальд White,830,/product/nastolnaya-lampa-snibald-white
Настольная лампа Спайк Pink,1460,/product/nastolnaya-lampa-spajk-pink
Настольная лампа Спайк White,1460,/product/nastolnaya-lampa-spajk-white
Настольная лампа Астри Black,1460,/product/nastolnaya-lampa-astri-black
Настольная лампа Астри Beige,1460,/product/nastolnaya-lampa-astri-beige
Подвесной светильник Клауд White,10 490,/product/podvesnoj-svetilnik-klaud-white
Торшер Клауд White,19 210,/product/torsher-klaud-white
Настольная лампа Клауд White,16 790,/product/nastolnaya-lampa-klaud-white
Настольная лампа Машрум Olive,4190,/product/nastolnaya-lampa-mashrum-olive
Настольная лампа Машрум Pink,4190,/product/nastolnaya-lampa-mashrum-pink
